id,set,language,source,input,reference,typo_op,judge_check,first_word_is_command,subdir_not_named,paired_id,in_injection_subset
A001,A,-,generated typo (fixed seed 2026),lt,ls,from_project_report,names,0,,,0
A002,A,-,generated typo (fixed seed 2026),le,ls,adjacent_key,names,0,,,1
A003,A,-,generated typo (fixed seed 2026),lx -la,ls -la,adjacent_key,names,0,,,0
A004,A,-,generated typo (fixed seed 2026),lsc -la,ls -la,insertion,names,0,,,1
A005,A,-,generated typo (fixed seed 2026),ks belgeler,ls belgeler,adjacent_key,names,0,,,0
A006,A,-,generated typo (fixed seed 2026),is belgeler,ls belgeler,adjacent_key,names,0,,,0
A007,A,-,generated typo (fixed seed 2026),is -R projeler,ls -R projeler,adjacent_key,names,0,,,1
A008,A,-,generated typo (fixed seed 2026),los -R projeler,ls -R projeler,insertion,names,0,,,0
A009,A,-,generated typo (fixed seed 2026),pdw,pwd,transposition,text,0,,,0
A010,A,-,generated typo (fixed seed 2026),pd,pwd,deletion,text,0,,,0
A011,A,-,generated typo (fixed seed 2026),car notlar.txt,cat notlar.txt,adjacent_key,text,0,,,0
A012,A,-,generated typo (fixed seed 2026),cvat notlar.txt,cat notlar.txt,insertion,text,0,,,0
A013,A,-,generated typo (fixed seed 2026),ehad -n 3 veri.csv,head -n 3 veri.csv,transposition,text,0,,,0
A014,A,-,generated typo (fixed seed 2026),hed -n 3 veri.csv,head -n 3 veri.csv,deletion,text,0,,,1
A015,A,-,generated typo (fixed seed 2026),tall -n 2 loglar/app.log,tail -n 2 loglar/app.log,adjacent_key,text,0,,,1
A016,A,-,generated typo (fixed seed 2026),taiol -n 2 loglar/app.log,tail -n 2 loglar/app.log,insertion,text,0,,,0
A017,A,-,generated typo (fixed seed 2026),cw -l veri.csv,wc -l veri.csv,transposition,int,0,,,0
A018,A,-,generated typo (fixed seed 2026),qc -l veri.csv,wc -l veri.csv,adjacent_key,int,0,,,0
A019,A,-,generated typo (fixed seed 2026),gfep ERROR loglar/app.log,grep ERROR loglar/app.log,adjacent_key,grep,0,,,0
A020,A,-,generated typo (fixed seed 2026),ghrep ERROR loglar/app.log,grep ERROR loglar/app.log,insertion,grep,0,,,0
A021,A,-,generated typo (fixed seed 2026),rgep -i hata loglar/sistem.log,grep -i hata loglar/sistem.log,transposition,grep,0,,,1
A022,A,-,generated typo (fixed seed 2026),grp -i hata loglar/sistem.log,grep -i hata loglar/sistem.log,deletion,grep,0,,,0
A023,A,-,generated typo (fixed seed 2026),grrp -c INFO loglar/app.log,grep -c INFO loglar/app.log,adjacent_key,int,0,,,0
A024,A,-,generated typo (fixed seed 2026),gresp -c INFO loglar/app.log,grep -c INFO loglar/app.log,insertion,int,0,,,0
A025,A,-,generated typo (fixed seed 2026),srot isimler.txt,sort isimler.txt,transposition,lines,0,,,0
A026,A,-,generated typo (fixed seed 2026),sor isimler.txt,sort isimler.txt,deletion,lines,0,,,0
A027,A,-,generated typo (fixed seed 2026),slrt -n sayilar.txt,sort -n sayilar.txt,adjacent_key,lines,0,,,0
A028,A,-,generated typo (fixed seed 2026),sdort -n sayilar.txt,sort -n sayilar.txt,insertion,lines,0,,,1
A029,A,-,generated typo (fixed seed 2026),"uct -d , -f 1 veri.csv","cut -d , -f 1 veri.csv",transposition,lines,0,,,0
A030,A,-,generated typo (fixed seed 2026),"ut -d , -f 1 veri.csv","cut -d , -f 1 veri.csv",deletion,lines,0,,,0
A031,A,-,generated typo (fixed seed 2026),rr a-z A-Z < notlar.txt,tr a-z A-Z < notlar.txt,adjacent_key,text,0,,,0
A032,A,-,generated typo (fixed seed 2026),ttr a-z A-Z < notlar.txt,tr a-z A-Z < notlar.txt,insertion,text,0,,,1
A033,A,-,generated typo (fixed seed 2026),mkdr yedek,mkdir yedek,from_project_report,fs_only,0,,,1
A034,A,-,generated typo (fixed seed 2026),mkidr yedek,mkdir yedek,transposition,fs_only,0,,,0
A035,A,-,generated typo (fixed seed 2026),touh yeni.txt,touch yeni.txt,deletion,fs_only,0,,,0
A036,A,-,generated typo (fixed seed 2026),touxh yeni.txt,touch yeni.txt,adjacent_key,fs_only,0,,,0
A037,A,-,generated typo (fixed seed 2026),cdp notlar.txt notlar_yedek.txt,cp notlar.txt notlar_yedek.txt,insertion,fs_only,0,,,0
A038,A,-,generated typo (fixed seed 2026),pc notlar.txt notlar_yedek.txt,cp notlar.txt notlar_yedek.txt,transposition,fs_only,0,,,0
A039,A,-,generated typo (fixed seed 2026),hv gecici/c.bak gecici/c.txt,mv gecici/c.bak gecici/c.txt,adjacent_key,fs_only,0,,,0
A040,A,-,generated typo (fixed seed 2026),jv gecici/c.bak gecici/c.txt,mv gecici/c.bak gecici/c.txt,adjacent_key,fs_only,0,,,0
A041,A,-,generated typo (fixed seed 2026),rem gecici/a.tmp,rm gecici/a.tmp,insertion,fs_only,0,,,0
A042,A,-,generated typo (fixed seed 2026),mr gecici/a.tmp,rm gecici/a.tmp,transposition,fs_only,0,,,0
A043,A,-,generated typo (fixed seed 2026),ech merhaba,echo merhaba,deletion,text,0,,,0
A044,A,-,generated typo (fixed seed 2026),dcho merhaba,echo merhaba,adjacent_key,text,0,,,0
A045,A,-,generated typo (fixed seed 2026),eecho $HOME,echo $HOME,insertion,text,0,,,0
A046,A,-,generated typo (fixed seed 2026),ehco $HOME,echo $HOME,transposition,text,0,,,1
A047,A,-,generated typo (fixed seed 2026),cf belgeler,cd belgeler,from_project_report,pwd,0,,,0
A048,A,-,generated typo (fixed seed 2026),cx belgeler,cd belgeler,adjacent_key,pwd,0,,,1
A049,A,-,generated typo (fixed seed 2026),cr projeler,cd projeler,adjacent_key,pwd,0,,,1
A050,A,-,generated typo (fixed seed 2026),cde projeler,cd projeler,insertion,pwd,0,,,0
A051,A,-,generated typo (fixed seed 2026),fidn . -name '*.py',find . -name '*.py',transposition,names,0,,,0
A052,A,-,generated typo (fixed seed 2026),fin . -name '*.py',find . -name '*.py',deletion,names,0,,,0
A053,A,-,generated typo (fixed seed 2026),vind belgeler -type f,find belgeler -type f,adjacent_key,names,0,,,0
A054,A,-,generated typo (fixed seed 2026),fiund belgeler -type f,find belgeler -type f,insertion,names,0,,,0
A055,A,-,generated typo (fixed seed 2026),ud -s belgeler,du -s belgeler,transposition,ws,0,,,0
A056,A,-,generated typo (fixed seed 2026),vu -s belgeler,du -s belgeler,adjacent_key,ws,0,,,0
A057,A,-,generated typo (fixed seed 2026),qc -w notlar.txt,wc -w notlar.txt,adjacent_key,int,0,,,0
A058,A,-,generated typo (fixed seed 2026),wcf -w notlar.txt,wc -w notlar.txt,insertion,int,0,,,0
A059,A,-,generated typo (fixed seed 2026),flie projeler/hesap.c,file projeler/hesap.c,transposition,ws,0,,,0
A060,A,-,generated typo (fixed seed 2026),fie projeler/hesap.c,file projeler/hesap.c,deletion,ws,0,,,1
A061,A,-,generated typo (fixed seed 2026),srat -c %s veri.csv,stat -c %s veri.csv,adjacent_key,int,0,,,1
A062,A,-,generated typo (fixed seed 2026),sthat -c %s veri.csv,stat -c %s veri.csv,insertion,int,0,,,0
A063,A,-,generated typo (fixed seed 2026),basneame projeler/hesap.c,basename projeler/hesap.c,transposition,text,0,,,0
A064,A,-,generated typo (fixed seed 2026),baename projeler/hesap.c,basename projeler/hesap.c,deletion,text,0,,,0
A065,A,-,generated typo (fixed seed 2026),djrname projeler/hesap.c,dirname projeler/hesap.c,adjacent_key,text,0,,,0
A066,A,-,generated typo (fixed seed 2026),dirnamef projeler/hesap.c,dirname projeler/hesap.c,insertion,text,0,,,0
A067,A,-,generated typo (fixed seed 2026),dfif notlar.txt belgeler/notlar.txt,diff notlar.txt belgeler/notlar.txt,transposition,diff,0,,,0
A068,A,-,generated typo (fixed seed 2026),dff notlar.txt belgeler/notlar.txt,diff notlar.txt belgeler/notlar.txt,deletion,diff,0,,,1
A069,A,-,generated typo (fixed seed 2026),zeq 1 5,seq 1 5,adjacent_key,text,0,,,0
A070,A,-,generated typo (fixed seed 2026),sewq 1 5,seq 1 5,insertion,text,0,,,1
A071,A,-,generated typo (fixed seed 2026),wohami,whoami,transposition,text,0,,,0
A072,A,-,generated typo (fixed seed 2026),hoami,whoami,deletion,text,0,,,0
A073,A,-,generated typo (fixed seed 2026),tav notlar.txt,tac notlar.txt,adjacent_key,text,0,,,0
A074,A,-,generated typo (fixed seed 2026),tacs notlar.txt,tac notlar.txt,insertion,text,0,,,1
A075,A,-,generated typo (fixed seed 2026),hl notlar.txt,nl notlar.txt,adjacent_key,ws,0,,,0
A076,A,-,generated typo (fixed seed 2026),no notlar.txt,nl notlar.txt,adjacent_key,ws,0,,,0
A077,A,-,generated typo (fixed seed 2026),"awu -F , '{print $2}' veri.csv","awk -F , '{print $2}' veri.csv",adjacent_key,lines,0,,,0
A078,A,-,generated typo (fixed seed 2026),"awwk -F , '{print $2}' veri.csv","awk -F , '{print $2}' veri.csv",insertion,lines,0,,,0
A079,A,-,generated typo (fixed seed 2026),sde 's/INFO/BILGI/' loglar/app.log,sed 's/INFO/BILGI/' loglar/app.log,transposition,text,0,,,0
A080,A,-,generated typo (fixed seed 2026),sd 's/INFO/BILGI/' loglar/app.log,sed 's/INFO/BILGI/' loglar/app.log,deletion,text,0,,,1
A081,A,-,generated typo (fixed seed 2026),chmow +x betik.sh,chmod +x betik.sh,adjacent_key,fs_only,0,,,0
A082,A,-,generated typo (fixed seed 2026),chmokd +x betik.sh,chmod +x betik.sh,insertion,fs_only,0,,,0
A083,A,-,generated typo (fixed seed 2026),on -s notlar.txt kisayol,ln -s notlar.txt kisayol,adjacent_key,fs_only,0,,,1
A084,A,-,generated typo (fixed seed 2026),lg -s notlar.txt kisayol,ln -s notlar.txt kisayol,adjacent_key,fs_only,0,,,1
A085,A,-,generated typo (fixed seed 2026),ks -1 resimler,ls -1 resimler,adjacent_key,names,0,,,0
A086,A,-,generated typo (fixed seed 2026),lis -1 resimler,ls -1 resimler,insertion,names,0,,,0
A087,A,-,generated typo (fixed seed 2026),cta -n notlar.txt,cat -n notlar.txt,transposition,ws,0,,,0
A088,A,-,generated typo (fixed seed 2026),ct -n notlar.txt,cat -n notlar.txt,deletion,ws,0,,,0
A089,A,-,generated typo (fixed seed 2026),md5cum notlar.txt,md5sum notlar.txt,adjacent_key,ws,0,,,1
A090,A,-,generated typo (fixed seed 2026),md5saum notlar.txt,md5sum notlar.txt,insertion,ws,0,,,1
A091,A,-,generated typo (fixed seed 2026),gerp -rn main projeler,grep -rn main projeler,transposition,grep,0,,,0
A092,A,-,generated typo (fixed seed 2026),rep -rn main projeler,grep -rn main projeler,deletion,grep,0,,,0
A093,A,-,generated typo (fixed seed 2026),pythln3 projeler/betik.py,python3 projeler/betik.py,adjacent_key,text,0,,,0
A094,A,-,generated typo (fixed seed 2026),poython3 projeler/betik.py,python3 projeler/betik.py,insertion,text,0,,,1
A095,A,-,generated typo (fixed seed 2026),unqi isimler.txt,uniq isimler.txt,transposition,lines,0,,,1
A096,A,-,generated typo (fixed seed 2026),uni isimler.txt,uniq isimler.txt,deletion,lines,0,,,0
A097,A,-,generated typo (fixed seed 2026),reg notlar.txt,rev notlar.txt,adjacent_key,text,0,,,0
A098,A,-,generated typo (fixed seed 2026),rerv notlar.txt,rev notlar.txt,insertion,text,0,,,1
A099,A,-,generated typo (fixed seed 2026),atr -tzf arsiv.tar.gz,tar -tzf arsiv.tar.gz,transposition,set,0,,,0
A100,A,-,generated typo (fixed seed 2026),ta -tzf arsiv.tar.gz,tar -tzf arsiv.tar.gz,deletion,set,0,,,0
B001,B,tr,written by the authors (Turkish),belgeler klasöründeki txt dosyalarını listele,ls belgeler/*.txt,,names,0,0,E001,0
B002,B,tr,written by the authors (Turkish),resimler klasöründeki png dosyalarını göster,ls resimler/*.png,,names,0,0,E002,1
B003,B,tr,written by the authors (Turkish),belgeler klasöründeki gizli dosyalar dahil her şeyi listele,ls -A belgeler,,names,0,0,E003,0
B004,B,tr,written by the authors (Turkish),projeler klasörünün içeriğini göster,ls projeler,,names,0,0,E004,1
B005,B,tr,written by the authors (Turkish),bu dizindeki sadece klasörleri listele,ls -d */,,names,0,0,E005,0
B006,B,tr,written by the authors (Turkish),belgeler klasöründeki tüm dosyaları alt klasörler dahil listele,find belgeler -type f,,names,0,0,E006,0
B007,B,tr,written by the authors (Turkish),tüm python dosyalarını bul,find . -name '*.py',,names,0,0,E007,1
B008,B,tr,written by the authors (Turkish),projeler klasöründeki c ve h uzantılı dosyaları listele,ls projeler/*.[ch],,names,0,0,E008,0
B009,B,tr,written by the authors (Turkish),resimler klasöründeki jpg ve jpeg dosyalarını listele,ls resimler/*.jpg resimler/*.jpeg,,names,0,0,E009,0
B010,B,tr,written by the authors (Turkish),gecici klasöründeki tmp dosyalarını listele,ls gecici/*.tmp,,names,0,0,E010,0
B011,B,tr,written by the authors (Turkish),loglar klasöründeki .log uzantılı dosyaları listele,ls loglar/*.log,,names,0,0,E011,0
B012,B,tr,written by the authors (Turkish),boş dosyaları bul,find . -type f -empty,,names,0,0,E012,0
B013,B,tr,written by the authors (Turkish),boyutu 100 KB'dan büyük dosyaları bul,find . -type f -size +100k,,names,0,0,E013,0
B014,B,tr,written by the authors (Turkish),son 1 gün içinde değiştirilen dosyaları bul,find . -type f -mtime -1,,names,0,0,E014,1
B015,B,tr,written by the authors (Turkish),adı rapor ile başlayan dosyaları bul,find . -name 'rapor*',,names,0,0,E015,1
B016,B,tr,written by the authors (Turkish),adında test geçen python dosyalarını bul,find . -name '*test*.py',,names,0,0,E016,0
B017,B,tr,written by the authors (Turkish),belgeler klasöründeki pdf dosyalarını listele,ls belgeler/*.pdf,,names,0,0,E017,0
B018,B,tr,written by the authors (Turkish),projeler klasöründeki dosyaları ayrıntılı olarak listele,ls -l projeler,,names,0,0,E018,0
B019,B,tr,written by the authors (Turkish),tüm gizli dosyaları bul,find . -type f -name '.*',,names,0,0,E019,0
B020,B,tr,written by the authors (Turkish),uzantısı bak olan dosyaları bul,find . -name '*.bak',,names,0,0,E020,0
B021,B,tr,written by the authors (Turkish),loglar klasöründe ERROR içeren dosyaların adlarını listele,grep -l ERROR loglar/*,,names,0,0,E021,1
B022,B,tr,written by the authors (Turkish),rapor.txt dosyasını bul,find . -name rapor.txt,,names,0,0,E022,0
B023,B,tr,written by the authors (Turkish),arsiv.tar.gz arşivinin içindeki dosyaları listele,tar -tzf arsiv.tar.gz,,set,0,0,E023,0
B024,B,tr,written by the authors (Turkish),bu dizindeki dosya ve klasörlerin sayısını bul,ls | wc -l,,int,0,0,E024,0
B025,B,tr,written by the authors (Turkish),veri.csv dosyasında kaç satır var,wc -l < veri.csv,,int,0,0,E025,0
B026,B,tr,written by the authors (Turkish),notlar.txt kaç kelime içeriyor,wc -w < notlar.txt,,int,0,0,E026,0
B027,B,tr,written by the authors (Turkish),app.log dosyasında kaç tane ERROR satırı var,grep -c ERROR loglar/app.log,,int,0,1,E027,0
B028,B,tr,written by the authors (Turkish),projeler klasöründe kaç tane c dosyası var,ls projeler/*.c | wc -l,,int,0,0,E028,1
B029,B,tr,written by the authors (Turkish),isimler.txt dosyasında kaç farklı isim var,sort -u isimler.txt | wc -l,,int,0,0,E029,0
B030,B,tr,written by the authors (Turkish),resimler klasöründeki dosya sayısını bul,ls resimler | wc -l,,int,0,0,E030,0
B031,B,tr,written by the authors (Turkish),alt klasörler dahil kaç tane txt dosyası var,find . -name '*.txt' | wc -l,,int,0,0,E031,0
B032,B,tr,written by the authors (Turkish),veri.csv'de başlık satırı hariç kaç kayıt var,tail -n +2 veri.csv | wc -l,,int,0,0,E032,1
B033,B,tr,written by the authors (Turkish),notlar.txt dosyasının boyutunu bayt cinsinden göster,wc -c < notlar.txt,,int,0,0,E033,1
B034,B,tr,written by the authors (Turkish),sayilar.txt içindeki sayıların toplamını hesapla,awk '{s+=$1} END {print s}' sayilar.txt,,int,0,0,E034,0
B035,B,tr,written by the authors (Turkish),sayilar.txt içindeki en büyük sayıyı bul,sort -n sayilar.txt | tail -n 1,,int,0,0,E035,0
B036,B,tr,written by the authors (Turkish),sayilar.txt içinde 50'den büyük kaç sayı var,awk '$1 > 50' sayilar.txt | wc -l,,int,0,0,E036,0
B037,B,tr,written by the authors (Turkish),isimler.txt içinde Ayse kaç kez geçiyor,grep -c Ayse isimler.txt,,int,0,0,E037,0
B038,B,tr,written by the authors (Turkish),notlar.txt dosyasının içeriğini göster,cat notlar.txt,,text,0,0,E038,0
B039,B,tr,written by the authors (Turkish),veri.csv dosyasının ilk 5 satırını göster,head -n 5 veri.csv,,text,0,0,E039,0
B040,B,tr,written by the authors (Turkish),app.log dosyasının son 3 satırını göster,tail -n 3 loglar/app.log,,text,0,1,E040,0
B041,B,tr,written by the authors (Turkish),notlar.txt dosyasını satır numaralarıyla göster,cat -n notlar.txt,,ws,0,0,E041,0
B042,B,tr,written by the authors (Turkish),projeler klasöründeki README.md dosyasını göster,cat projeler/README.md,,text,0,0,E042,0
B043,B,tr,written by the authors (Turkish),veri.csv dosyasının 3. satırını göster,sed -n 3p veri.csv,,text,0,0,E043,0
B044,B,tr,written by the authors (Turkish),notlar.txt dosyasını son satırdan başlayarak tersten göster,tac notlar.txt,,text,0,0,E044,0
B045,B,tr,written by the authors (Turkish),sistem.log dosyasının ilk satırını göster,head -n 1 loglar/sistem.log,,text,0,1,E045,0
B046,B,tr,written by the authors (Turkish),belgeler/eski klasöründeki arsiv.dat dosyasını göster,cat belgeler/eski/arsiv.dat,,text,0,0,E046,1
B047,B,tr,written by the authors (Turkish),hesap.h dosyasının ilk 2 satırını göster,head -n 2 projeler/hesap.h,,text,0,1,E047,0
B048,B,tr,written by the authors (Turkish),app.log dosyasındaki boş olmayan satırları göster,grep -v '^$' loglar/app.log,,text,0,1,E048,1
B049,B,tr,written by the authors (Turkish),app.log içinde ERROR geçen satırları göster,grep ERROR loglar/app.log,,grep,0,1,E049,1
B050,B,tr,written by the authors (Turkish),sistem.log içinde büyük küçük harf ayırmadan hata kelimesini ara,grep -i hata loglar/sistem.log,,grep,0,1,E050,0
B051,B,tr,written by the authors (Turkish),projeler klasöründeki dosyalarda main kelimesini ara,grep -r main projeler,,grep,0,0,E051,0
B052,B,tr,written by the authors (Turkish),app.log dosyasında WARN içermeyen satırları göster,grep -v WARN loglar/app.log,,grep,0,1,E052,0
B053,B,tr,written by the authors (Turkish),veri.csv içinde Ankara geçen satırları bul,grep Ankara veri.csv,,grep,0,0,E053,0
B054,B,tr,written by the authors (Turkish),loglar klasöründeki tüm dosyalarda timeout kelimesini ara,grep -r timeout loglar,,grep,0,0,E054,0
B055,B,tr,written by the authors (Turkish),hesap.c dosyasındaki include satırlarını göster,grep include projeler/hesap.c,,grep,0,1,E055,0
B056,B,tr,written by the authors (Turkish),notlar.txt içinde proje kelimesinin geçtiği satırları satır numaralarıyla göster,grep -n proje notlar.txt,,ws,0,0,E056,0
B057,B,tr,written by the authors (Turkish),isimler.txt içinde A harfiyle başlayan isimleri göster,grep '^A' isimler.txt,,lines,0,0,E057,0
B058,B,tr,written by the authors (Turkish),veri.csv'de İstanbul'da yaşayanları göster,grep Istanbul veri.csv,,grep,0,0,E058,0
B059,B,tr,written by the authors (Turkish),isimler.txt dosyasını alfabetik olarak sırala,sort isimler.txt,,lines,0,0,E059,0
B060,B,tr,written by the authors (Turkish),isimler.txt dosyasını tekrar eden satırları kaldırarak sırala,sort -u isimler.txt,,lines,0,0,E060,1
B061,B,tr,written by the authors (Turkish),sayilar.txt içindeki sayıları küçükten büyüğe sırala,sort -n sayilar.txt,,lines,0,0,E061,1
B062,B,tr,written by the authors (Turkish),sayilar.txt içindeki sayıları büyükten küçüğe sırala,sort -nr sayilar.txt,,lines,0,0,E062,0
B063,B,tr,written by the authors (Turkish),veri.csv dosyasının sadece ilk sütununu göster,"cut -d , -f 1 veri.csv",,lines,0,0,E063,0
B064,B,tr,written by the authors (Turkish),veri.csv'deki şehirleri tekrarsız listele,"tail -n +2 veri.csv | cut -d , -f 2 | sort -u",,set,0,0,E064,0
B065,B,tr,written by the authors (Turkish),notlar.txt içeriğini büyük harfe çevirerek göster,tr a-z A-Z < notlar.txt,,text,0,0,E065,0
B066,B,tr,written by the authors (Turkish),isimler.txt dosyasında her ismin kaç kez geçtiğini say,sort isimler.txt | uniq -c,,ws_set,0,0,E066,0
B067,B,tr,written by the authors (Turkish),veri.csv dosyasını virgüller yerine noktalı virgül kullanarak ekrana yazdır,"tr , ';' < veri.csv",,text,0,0,E067,0
B068,B,tr,written by the authors (Turkish),app.log dosyasındaki INFO kelimelerini BILGI ile değiştirerek ekrana yazdır,sed 's/INFO/BILGI/g' loglar/app.log,,text,0,1,E068,1
B069,B,tr,written by the authors (Turkish),veri.csv'deki kayıtları yaşa göre küçükten büyüğe sırala,"tail -n +2 veri.csv | sort -t , -k 3 -n",,lines_nohdr,0,0,E069,0
B070,B,tr,written by the authors (Turkish),notlar.txt ile belgeler/notlar.txt dosyaları arasındaki farkları göster,diff notlar.txt belgeler/notlar.txt,,diff,0,0,E070,1
B071,B,tr,written by the authors (Turkish),isimler.txt dosyasında tekrar eden isimleri göster,sort isimler.txt | uniq -d,,set,0,0,E071,0
B072,B,tr,written by the authors (Turkish),sayilar.txt dosyasındaki çift sayıları göster,awk '$1 % 2 == 0' sayilar.txt,,lines,0,0,E072,0
B073,B,tr,written by the authors (Turkish),veri.csv'de yaşı 30'dan büyük olanları göster,"awk -F , 'NR > 1 && $3 > 30' veri.csv",,lines_nohdr,0,0,E073,0
B074,B,tr,written by the authors (Turkish),app.log dosyasındaki satırların sadece ilk kelimesini göster,awk '{print $1}' loglar/app.log,,lines_nonempty,0,1,E074,1
B075,B,tr,written by the authors (Turkish),notlar.txt dosyasındaki boşlukları alt çizgiyle değiştirerek göster,tr ' ' '_' < notlar.txt,,text,0,0,E075,0
B076,B,tr,written by the authors (Turkish),yedek adında bir klasör oluştur,mkdir yedek,,fs_only,0,0,E076,0
B077,B,tr,written by the authors (Turkish),arsiv/2024/ocak klasör yapısını oluştur,mkdir -p arsiv/2024/ocak,,fs_only,0,0,E077,0
B078,B,tr,written by the authors (Turkish),yeni.txt adında boş bir dosya oluştur,touch yeni.txt,,fs_only,0,0,E078,0
B079,B,tr,written by the authors (Turkish),notlar.txt dosyasını yedek_notlar.txt olarak kopyala,cp notlar.txt yedek_notlar.txt,,fs_only,0,0,E079,0
B080,B,tr,written by the authors (Turkish),belgeler klasörünü belgeler_yedek adıyla kopyala,cp -r belgeler belgeler_yedek,,fs_only,0,0,E080,1
B081,B,tr,written by the authors (Turkish),belgeler klasöründeki taslak.txt dosyasının adını son.txt yap,mv belgeler/taslak.txt belgeler/son.txt,,fs_only,0,0,E081,0
B082,B,tr,written by the authors (Turkish),resimler klasöründeki png dosyalarını belgeler klasörüne taşı,mv resimler/*.png belgeler/,,fs_only,0,0,E082,0
B083,B,tr,written by the authors (Turkish),gecici klasöründeki tmp uzantılı dosyaları sil,rm gecici/*.tmp,,fs_only,0,0,E083,1
B084,B,tr,written by the authors (Turkish),gecici klasörünü içindekilerle birlikte sil,rm -r gecici,,fs_only,0,0,E084,1
B085,B,tr,written by the authors (Turkish),bos.txt dosyasını sil,rm bos.txt,,fs_only,0,0,E085,0
B086,B,tr,written by the authors (Turkish),merhaba dünya yazısını selam.txt dosyasına yaz,echo 'merhaba dünya' > selam.txt,,fs_only,0,0,E086,0
B087,B,tr,written by the authors (Turkish),notlar.txt dosyasının sonuna 'yeni not' satırını ekle,echo 'yeni not' >> notlar.txt,,fs_only,0,0,E087,0
B088,B,tr,written by the authors (Turkish),betik.sh dosyasını çalıştırılabilir yap,chmod +x betik.sh,,fs_only,0,0,E088,0
B089,B,tr,written by the authors (Turkish),notlar.txt için kisayol adında sembolik bağlantı oluştur,ln -s notlar.txt kisayol,,fs_only,0,0,E089,1
B090,B,tr,written by the authors (Turkish),loglar klasörünü loglar.tar.gz adıyla arşivle,tar -czf loglar.tar.gz loglar,,fs_only,0,0,E090,1
B091,B,tr,written by the authors (Turkish),arsiv.tar.gz arşivini bu dizine aç,tar -xzf arsiv.tar.gz,,fs_only,0,0,E091,0
B092,B,tr,written by the authors (Turkish),projeler klasörüne geç,cd projeler,,pwd,0,0,E092,0
B093,B,tr,written by the authors (Turkish),bir üst dizine çık,cd ..,,pwd,0,0,E093,0
B094,B,tr,written by the authors (Turkish),ev dizinine git,cd,,pwd,0,0,E094,1
B095,B,tr,written by the authors (Turkish),şu anki dizinin tam yolunu göster,pwd,,text,0,0,E095,1
B096,B,tr,written by the authors (Turkish),hangi kullanıcıyla oturum açtığımı göster,whoami,,text,0,0,E096,0
B097,B,tr,written by the authors (Turkish),HOME değişkeninin değerini yazdır,echo $HOME,,text,0,0,E097,0
B098,B,tr,written by the authors (Turkish),notlar.txt dosyasının izinlerini göster,ls -l notlar.txt,,contains:-rw-r--r--,0,0,E098,1
B099,B,tr,written by the authors (Turkish),hesap.c dosyasının türünü göster,file projeler/hesap.c,,contains:C source,0,1,E099,0
B100,B,tr,written by the authors (Turkish),projeler klasöründeki betik.py programını çalıştır,python3 projeler/betik.py,,text,0,0,E100,0
C001,C,en,NL2Bash sample (fixed seed 2026),Find all $tofind* files/directories under $parentdir,find $parentdir -name $tofind*,,nlc2cmd,0,,,0
C002,C,en,NL2Bash sample (fixed seed 2026),"Print ""huzzah"" if directory ""/some/dir"" is empty","find /some/dir/ -maxdepth 0 -empty -exec echo ""huzzah"" \;",,nlc2cmd,0,,,0
C003,C,en,NL2Bash sample (fixed seed 2026),Shifts the positional parameters to the left by 1.,shift,,nlc2cmd,0,,,0
C004,C,en,NL2Bash sample (fixed seed 2026),"Split ""hugefile.txt"" into files with 100000 lines each starting with ""part."" and using numeric suffixes",split -a4 -d -l100000 hugefile.txt part.,,nlc2cmd,0,,,0
C005,C,en,NL2Bash sample (fixed seed 2026),"start from current directory, skip the directory src/emacs and print it then skip all files and directories under it, and print the names of the other files found",find . -wholename './src/emacs' -prune -print -o -print,,nlc2cmd,0,,,0
C006,C,en,NL2Bash sample (fixed seed 2026),"Execute ""2"" and write output to standard output and file ""${LOG_FILE}""",exec 2 | tee ${LOG_FILE},,nlc2cmd,0,,,0
C007,C,en,NL2Bash sample (fixed seed 2026),Find files larger than 50k,find . -size +50k,,nlc2cmd,0,,,0
C008,C,en,NL2Bash sample (fixed seed 2026),"find all the png files in current folder which are present in the pattern list file ""search.txt""",find . -name '*.png' | grep -f <(sed s?^?/[0-9]_[0-9]_[0-9]_? search.txt),,nlc2cmd,1,,,0
C009,C,en,NL2Bash sample (fixed seed 2026),"run ""your_command"", letting the user page through the output and move around with the arrow keys - the Q key terminates and returns to the shell prompt.","""your_command"" | less",,nlc2cmd,0,,,0
C010,C,en,NL2Bash sample (fixed seed 2026),display all the files in the current folder,"find . | awk '{ print ""FILE:"" $0 }'",,nlc2cmd,1,,,0
C011,C,en,NL2Bash sample (fixed seed 2026),Removes all cached yum data from a system.,sudo yum clean all,,nlc2cmd,0,,,0
C012,C,en,NL2Bash sample (fixed seed 2026),extract /path/to/my_archive.tar.xz to /path/to/extract and preserve permissions.,tar xpvf /path/to/my_archive.tar.xz -C /path/to/extract,,nlc2cmd,0,,,0
C013,C,en,NL2Bash sample (fixed seed 2026),display all directories in vim folder do not search in sub directories,find .vim/ -maxdepth 1 -type d,,nlc2cmd,1,,,0
C014,C,en,NL2Bash sample (fixed seed 2026),Search the system for files and directories owned by user `admin',find / -user admin -print,,nlc2cmd,0,,,0
C015,C,en,NL2Bash sample (fixed seed 2026),find all the directories in the folder /raid with the extension local_sd_customize.,"find /raid -type d -name "".local_sd_customize"" -print",,nlc2cmd,1,,,0
C016,C,en,NL2Bash sample (fixed seed 2026),"Run the node expression ""JSON.parse(process.argv[1]).foo"" on the contents of ""foobar.json""","node -pe 'JSON.parse(process.argv[1]).foo' ""$(cat foobar.json)""",,nlc2cmd,0,,,0
C017,C,en,NL2Bash sample (fixed seed 2026),Find the most recently changed files in a subtree,find . -type f -printf '%TY-%Tm-%Td %TT   %p\n' | sort,,nlc2cmd,0,,,0
C018,C,en,NL2Bash sample (fixed seed 2026),(Linux-specific) Page through extended USB information.,sudo lsusb -v|less,,nlc2cmd,0,,,0
C019,C,en,NL2Bash sample (fixed seed 2026),list regular files under the current directory ending in .mbox putting a null between each file found,find . -type f -wholename \*.mbox -print0,,nlc2cmd,0,,,0
C020,C,en,NL2Bash sample (fixed seed 2026),Delete all files/directories with '.old' extension under current directory tree,find . -name “*.old” -delete,,nlc2cmd,0,,,0
C021,C,en,NL2Bash sample (fixed seed 2026),"Extract the second-to-last slash-separated path component, ie. ""90_2a5"" in this case.",echo 'test/90_2a5/Windows' | xargs dirname | xargs basename,,nlc2cmd,0,,,0
C022,C,en,NL2Bash sample (fixed seed 2026),"List the MD5 digest of all files under ""teste1"" and ""teste2"" sorted alphabetically",find teste1 teste2 -type f -exec md5 -r {} \; | sort,,nlc2cmd,0,,,0
C023,C,en,NL2Bash sample (fixed seed 2026),Do not mark variables and function which are modified or created for export to the environment of subsequent commands,set +a,,nlc2cmd,0,,,0
C024,C,en,NL2Bash sample (fixed seed 2026),Save the list of *.html files in the current directory tree to html_files.txt,"find . -type f -name ""*.html"" > html_files.txt",,nlc2cmd,0,,,0
C025,C,en,NL2Bash sample (fixed seed 2026),Archive all filepattern-*2009* files/directories under data/ into 2009.tar,find data/ -name filepattern-*2009* -print0 | xargs -0 tar uf 2009.tar,,nlc2cmd,0,,,0
C026,C,en,NL2Bash sample (fixed seed 2026),"Search the regular files of the current directory tree for string ""whatever""",find . -type f | xargs -L 100 grep whatever,,nlc2cmd,0,,,0
C027,C,en,NL2Bash sample (fixed seed 2026),"Overwrites file $FILE with random content, then truncates and deletes it.",shred -u $FILE,,nlc2cmd,0,,,0
C028,C,en,NL2Bash sample (fixed seed 2026),Find all symbolic links under current directory that are not hard links,find . -type f -links 1 -print,,nlc2cmd,0,,,0
C029,C,en,NL2Bash sample (fixed seed 2026),"Recursively from current folder searches only files that names match "".*xxx"" pattern, ignores binary files and prints file name before every string that contains ""my Text to grep"".","grep --include=""*.xxx"" -nRHI ""my Text to grep"" *",,nlc2cmd,0,,,0
C030,C,en,NL2Bash sample (fixed seed 2026),"Format the output of ""rub-script.rb"" as a tab separated table",ruby-script.rb | column -s $'\t' -t,,nlc2cmd,0,,,0
C031,C,en,NL2Bash sample (fixed seed 2026),"Print output of command ""stdbuf -o 0 ./a"" to standard output and ""output.txt""",stdbuf -o 0 ./a | tee output.txt,,nlc2cmd,0,,,0
C032,C,en,NL2Bash sample (fixed seed 2026),Print the file paths and their sizes for all files under full_path_to_your_directory,find full_path_to_your_directory -type f -printf '%p %s\n',,nlc2cmd,0,,,0
C033,C,en,NL2Bash sample (fixed seed 2026),Prints process tree of a bash process.,pstree $(pgrep -fn bash),,nlc2cmd,0,,,0
C034,C,en,NL2Bash sample (fixed seed 2026),Start program 'scriptname' with an empty environment.,env - scriptname,,nlc2cmd,0,,,0
C035,C,en,NL2Bash sample (fixed seed 2026),"search for the regular/normal file ""Dateiname"" in the entire file system","find / -type f -iname ""Dateiname""",,nlc2cmd,0,,,0
C036,C,en,NL2Bash sample (fixed seed 2026),Delete all contents form the files that contain the case insensitive regex 'stringtofind' in maximum 1 level down the / directory excluding other partitions,"find / -maxdepth 1 -xdev -type f -exec grep -i ""stringtofind"" -q ""{}"" \; -print0 | xargs -0 sed '/./d'",,nlc2cmd,0,,,0
C037,C,en,NL2Bash sample (fixed seed 2026),Print host name without a newline,echo -n `hostname`,,nlc2cmd,0,,,0
C038,C,en,NL2Bash sample (fixed seed 2026),"Display an infinite number of lines consisting of ""y"", until the user presses the Q key.",yes | more,,nlc2cmd,0,,,0
C039,C,en,NL2Bash sample (fixed seed 2026),"display all the files in the current folder excluding those which are in the path of "".git""","find . ! -path  ""*.git*"" -type f -print",,nlc2cmd,1,,,0
C040,C,en,NL2Bash sample (fixed seed 2026),create a backup of all the files in the current folder excluding those that are present in the .snapshot sub directory and excluding the swap files (files ending with  ~),find . -name .snapshot -prune -o \( \! -name *~ -print0 \) | cpio -pmd0 /dest-dir,,nlc2cmd,0,,,0
C041,C,en,NL2Bash sample (fixed seed 2026),"Locate all ""copyright"" files under and below /usr/share/doc","find /usr/share/doc -name ""copyright""",,nlc2cmd,0,,,0
C042,C,en,NL2Bash sample (fixed seed 2026),"List the current directory recursively ignoring the ""dir1"" subdirectory",find . -path ./dir1\*  -o -print,,nlc2cmd,0,,,0
C043,C,en,NL2Bash sample (fixed seed 2026),"Search all of /usr for any directory named 'My Files', for each directory found, copy it to /iscsi preserving full paths and attributes, then remove it.",find /usr -type d -name 'My Files' -exec rsync -avR '{}' /iscsi \;  -exec rm -rf '{}'\;,,nlc2cmd,0,,,0
C044,C,en,NL2Bash sample (fixed seed 2026),Find all Name* files under ../../$name-module and rename them by replacing 'Name' with $Name (will be expanded in the current shell) in their names,"find ../../$name-module -print0 -name 'Name*' -type f | xargs -0 rename ""s/Name/$Name/""",,nlc2cmd,0,,,0
C045,C,en,NL2Bash sample (fixed seed 2026),"show all .cpp, .c, .h, .hpp files in the folder ~/src",find ~/src -type f \( -iname '*.cpp' -or -iname '*.h' -or -iname '*.c' -or -iname '*.hpp' \) -exec echo {} \;,,nlc2cmd,0,,,0
C046,C,en,NL2Bash sample (fixed seed 2026),find all files in the current folder that are modified exactly 2 minutes ago,find -mmin 2 -print,,nlc2cmd,1,,,0
C047,C,en,NL2Bash sample (fixed seed 2026),"Move all files that contain ""Subject: \[SPAM\]"" to ""your_file""","grep -L -r 'Subject: \[SPAM\]' . | while read f; do mv ""$f"" out; done",,nlc2cmd,0,,,0
C048,C,en,NL2Bash sample (fixed seed 2026),"Change permissions of ""/dvtcolorconvert.rb"" to 755",sudo chmod 755 /dvtcolorconvert.rb,,nlc2cmd,0,,,0
C049,C,en,NL2Bash sample (fixed seed 2026),"Print whether ""$file"" and ""${file/${dir1}/${dir2}}"" differ","diff -q ""$file"" ""${file/${dir1}/${dir2}}""",,nlc2cmd,0,,,0
C050,C,en,NL2Bash sample (fixed seed 2026),Print the names of all files in /some/directory and its subdirectories recursively whose MIME type is video,find /some/directory -type f -exec file -N -i -- {} + | sed -n 's!: video/[^:]*$!!p',,nlc2cmd,0,,,0
C051,C,en,NL2Bash sample (fixed seed 2026),"Search for ""foo"" in every file in the current directory and number the output",grep foo * | nl,,nlc2cmd,0,,,0
C052,C,en,NL2Bash sample (fixed seed 2026),Removes empty folder 'symlink'.,rm -d symlink,,nlc2cmd,0,,,0
C053,C,en,NL2Bash sample (fixed seed 2026),Display differences between file1 and file2 side-by-side.,diff -y file1 file2,,nlc2cmd,0,,,0
C054,C,en,NL2Bash sample (fixed seed 2026),Recursively removes all empty folders under current folder.,find -depth -type d -empty -exec rmdir {} \;,,nlc2cmd,0,,,0
C055,C,en,NL2Bash sample (fixed seed 2026),"find all the directories  with the name ""c"" in the current folder which are at least 3 levels deep and which are not present in the path ""/p/"".",find -mindepth 3 -type d ! -path '*/p/*' -name c -print,,nlc2cmd,1,,,0
C056,C,en,NL2Bash sample (fixed seed 2026),display all the directories in the current folder which start with processor followed by digit and ends with .1 or .2,find . -type d -regextype posix-egrep -regex '\./processor[[:digit:]]*/10\.(1|2)',,nlc2cmd,1,,,0
C057,C,en,NL2Bash sample (fixed seed 2026),Set the 'xtrace' shell option,set -o xtrace,,nlc2cmd,0,,,0
C058,C,en,NL2Bash sample (fixed seed 2026),Find .txt files on the system whose size is greater than 12000 bytes,"find / -name ""*.txt"" -size +12000c",,nlc2cmd,0,,,0
C059,C,en,NL2Bash sample (fixed seed 2026),"Rename all .html files to .txt (change filetype suffix) in a portable way without requiring the ""rename"" perl script.","for file in *.html; do mv ""$file"" ""${file%.html}.txt""; done",,nlc2cmd,0,,,0
C060,C,en,NL2Bash sample (fixed seed 2026),"Silently and recursively change the ownership of all files in the current directory to ""www-data""",sudo chown -Rf www-data *,,nlc2cmd,0,,,0
C061,C,en,NL2Bash sample (fixed seed 2026),find all the pdf files in the current directory and display only the directory name in which the pdf file is present,find . -type f -name '*.pdf' |sed 's#\(.*\)/.*#\1#' |sort -u,,nlc2cmd,1,,,0
C062,C,en,NL2Bash sample (fixed seed 2026),Search the system for the file 'myfile' ignoring permission denied errors,find . -name myfile |& grep -v 'Permission denied',,nlc2cmd,0,,,0
C063,C,en,NL2Bash sample (fixed seed 2026),"Recursively print all files and directories in the directory tree ""$absolute/path/of/your/dir""",tree $absolute/path/of/your/dir,,nlc2cmd,0,,,0
C064,C,en,NL2Bash sample (fixed seed 2026),"Use the PHP interpreter to output an endless stream of ""a"" characters to ""nohup.out"" in the current directory, or in the home directory if that is not possible. The PHP process will not receive or respond to SIGHUP (signal 1) which are sent to it.","nohup php -r 'while (true) { echo ""a"";}' &",,nlc2cmd,0,,,0
C065,C,en,NL2Bash sample (fixed seed 2026),Gets IP addresses of all active network interfaces.,"ifconfig | grep -oP ""(?<=inet addr:).*?(?=Bcast)""",,nlc2cmd,0,,,0
C066,C,en,NL2Bash sample (fixed seed 2026),"Remove what follows the forth occurrence of the character "":"" in any field which contains it",sed -r 's/((:[^: \t]*){3}):[^ \t]*/\1/g' file | column -t,,nlc2cmd,0,,,0
C067,C,en,NL2Bash sample (fixed seed 2026),display all the regular/normal files in the current folder which have been modified after a specific time stamp and do not search in the sub directories,"find -maxdepth 1 -type f newermt ""$timestamp""'",,nlc2cmd,1,,,0
C068,C,en,NL2Bash sample (fixed seed 2026),Search the current directory recursively for regular files last accessed less than 2 minutes ago,find . type -f -amin -2,,nlc2cmd,0,,,0
C069,C,en,NL2Bash sample (fixed seed 2026),"Split the first 100 lines of ""datafile"" into files with at most 1700 bytes each preserving lines",sed 100q datafile | split -C 1700 -,,nlc2cmd,0,,,0
C070,C,en,NL2Bash sample (fixed seed 2026),"Uncompress all files listed in ""list.txt"" and send to ""./a.out""",zcat $(cat list.txt) | ./a.out,,nlc2cmd,0,,,0
C071,C,en,NL2Bash sample (fixed seed 2026),Change permissions to 0755 for all directories in the /path directory tree,"find /path -type d -exec chmod 0755 ""{}"" \;",,nlc2cmd,0,,,0
C072,C,en,NL2Bash sample (fixed seed 2026),find all files & dircetiry in current directory which  have .tmp extension and delete them .,"find . -type f -name ""*.tmp""  -exec rm -rf {} \;",,nlc2cmd,1,,,0
C073,C,en,NL2Bash sample (fixed seed 2026),Find files newer than `tmpfile' starting from the current directory,find . -newer tmpfile,,nlc2cmd,0,,,0
C074,C,en,NL2Bash sample (fixed seed 2026),"Find all *.sql files in maximum 1 level down the current directory, process it with sed and then send the output to a mysql command","find . -maxdepth 1 -name '*.sql' -exec ""sed -e 's/ , );/1,1);/g' '{}' | /usr/bin/mysql -D ootp"" \;",,nlc2cmd,0,,,0
C075,C,en,NL2Bash sample (fixed seed 2026),"Copy all files unconditionally and directories in directory tree ""myfiles"" to ""target-dir"" preserving directory hierarchy and modification time",find myfiles | cpio -pmud target-dir,,nlc2cmd,0,,,0
C076,C,en,NL2Bash sample (fixed seed 2026),"Update timestamps of all regular files (ie. excluding directories, symlinks, sockets, etc.) under /your/dir",find /your/dir -type f -exec touch {} +,,nlc2cmd,0,,,0
C077,C,en,NL2Bash sample (fixed seed 2026),"Execute ""1"" and write standard output and error to standard output and file ""${LOG_FILE}""",exec 1 2>&1 | tee ${LOG_FILE},,nlc2cmd,0,,,0
C078,C,en,NL2Bash sample (fixed seed 2026),"run command ""R -e \""install.packages('shiny', repos='http://cran.rstudio.com/')\"""" as user root with a full login simulation","sudo su - -c ""R -e \""install.packages('shiny', repos='http://cran.rstudio.com/')\""""",,nlc2cmd,0,,,0
C079,C,en,NL2Bash sample (fixed seed 2026),Replace all newlines from standard input except the last with spaces,sed -e ':a' -e 'N' -e '$!ba' -e 's/\n/ /g',,nlc2cmd,0,,,0
C080,C,en,NL2Bash sample (fixed seed 2026),"Search for occurrences of string ""main("" in the .c files from the current directory tree","find . -type f -name ""*.c"" -print -exec grep -s ""main("" {} \;",,nlc2cmd,0,,,0
C081,C,en,NL2Bash sample (fixed seed 2026),"Find all TXT files in the current directory and copy them to directory ""$HOME/newdir""","find ""$HOME"" -name '*.txt' -type f -print0 | sort -zu | xargs -0 cp -t ""$HOME/newdir""",,nlc2cmd,0,,,0
C082,C,en,NL2Bash sample (fixed seed 2026),"Search the current directory tree for files and directories whose names begin with ""pro""",find . -name pro\*,,nlc2cmd,0,,,0
C083,C,en,NL2Bash sample (fixed seed 2026),Find files with SGID (2000) and SUID(4000) permssions set in the file system,find /  \( -perm -2000 -o -perm -4000 \) -ls,,nlc2cmd,0,,,0
C084,C,en,NL2Bash sample (fixed seed 2026),Find all *.foo files under current directory and print their contents,find . -name '*.foo' -exec cat {} \;,,nlc2cmd,0,,,0
C085,C,en,NL2Bash sample (fixed seed 2026),search for a word in all the files in the current directory,find . -type f -exec grep 'needle' {} \;,,nlc2cmd,0,,,0
C086,C,en,NL2Bash sample (fixed seed 2026),"Search all files in the current directory tree for ""SearchString"", ignoring .html files and skipping .svn directories",find . \( -name '*.svn*' -prune  -o ! -name '*.html' \) | xargs -d '\n' grep -Hd skip 'SearchString',,nlc2cmd,0,,,0
C087,C,en,NL2Bash sample (fixed seed 2026),Search for first match of the case insensitive regex 're' in all *.coffee files under current directory,find . -name \*.coffee -exec grep -m1 -i 're' {} \;,,nlc2cmd,0,,,0
C088,C,en,NL2Bash sample (fixed seed 2026),display a long listing of all files in the entire file system which are bigger than 1MB,find / -size +1000k -exec ls -l {} \; -print,,nlc2cmd,1,,,0
C089,C,en,NL2Bash sample (fixed seed 2026),"Format the 5th, 3rd, and 4th fields of ""..."" as a table","...| awk '{print $5""\t\t"" $3""\t""$4}'|column -t",,nlc2cmd,0,,,0
C090,C,en,NL2Bash sample (fixed seed 2026),display all the files in the folder /home which do not belong to the group test,find /home ! -group test,,nlc2cmd,1,,,0
C091,C,en,NL2Bash sample (fixed seed 2026),"Remount ""/dev/sda7"" partition as executable",sudo mount -o remount -o exec /dev/sda7,,nlc2cmd,0,,,0
C092,C,en,NL2Bash sample (fixed seed 2026),"Move all files and directories matching ""*.boo"" in the current directory to ""subdir""",mv `ls *.boo` subdir,,nlc2cmd,0,,,0
C093,C,en,NL2Bash sample (fixed seed 2026),"display all file in the home folder except "".c"" files","find $HOME -not -iname ""*.c"" -print",,nlc2cmd,1,,,0
C094,C,en,NL2Bash sample (fixed seed 2026),"ssh into desired vagrant host ""HOST"" without running ""vagrant ssh""","ssh $(vagrant ssh-config HOST | sed '/^[[:space:]]*$/d' |  awk 'NR>1 {print "" -o ""$1""=""$2}') localhost",,nlc2cmd,0,,,0
C095,C,en,NL2Bash sample (fixed seed 2026),Sets 'extglob' shell option.,shopt -s extglob,,nlc2cmd,0,,,0
C096,C,en,NL2Bash sample (fixed seed 2026),"Search the current directory recursively for files with the exact permissions u=rwx,g=rx,o=rx","find . -perm u=rwx,g=rx,o=rx",,nlc2cmd,0,,,0
C097,C,en,NL2Bash sample (fixed seed 2026),"Remount ""/dev/block/mtdblock3"" on ""/system"" with read and write permission","mount -o remount,rw -t yaffs2 /dev/block/mtdblock3 /system",,nlc2cmd,0,,,0
C098,C,en,NL2Bash sample (fixed seed 2026),Report file systems disk usage in 1GB blocks.,df -BG,,nlc2cmd,0,,,0
C099,C,en,NL2Bash sample (fixed seed 2026),Find all regular files in minimum 1 level down the $dir directory,"find ""$dir"" -mindepth 1 -type f",,nlc2cmd,0,,,0
C100,C,en,NL2Bash sample (fixed seed 2026),Look for *.jpg files on the system,find / -name “*.jpg”,,nlc2cmd,0,,,0
E001,E,en,translation of set B (English),list the txt files in the belgeler folder,ls belgeler/*.txt,,names,0,0,B001,0
E002,E,en,translation of set B (English),show the png files in the resimler folder,ls resimler/*.png,,names,0,0,B002,0
E003,E,en,translation of set B (English),list everything in the belgeler folder including hidden files,ls -A belgeler,,names,0,0,B003,0
E004,E,en,translation of set B (English),show the contents of the projeler folder,ls projeler,,names,0,0,B004,0
E005,E,en,translation of set B (English),list only the folders in this directory,ls -d */,,names,0,0,B005,0
E006,E,en,translation of set B (English),list all files in the belgeler folder including subfolders,find belgeler -type f,,names,0,0,B006,0
E007,E,en,translation of set B (English),find all python files,find . -name '*.py',,names,1,0,B007,0
E008,E,en,translation of set B (English),list the files with c and h extensions in the projeler folder,ls projeler/*.[ch],,names,0,0,B008,0
E009,E,en,translation of set B (English),list the jpg and jpeg files in the resimler folder,ls resimler/*.jpg resimler/*.jpeg,,names,0,0,B009,0
E010,E,en,translation of set B (English),list the tmp files in the gecici folder,ls gecici/*.tmp,,names,0,0,B010,0
E011,E,en,translation of set B (English),list the files with the .log extension in the loglar folder,ls loglar/*.log,,names,0,0,B011,0
E012,E,en,translation of set B (English),find empty files,find . -type f -empty,,names,1,0,B012,0
E013,E,en,translation of set B (English),find files larger than 100 KB,find . -type f -size +100k,,names,1,0,B013,0
E014,E,en,translation of set B (English),find files modified in the last 1 day,find . -type f -mtime -1,,names,1,0,B014,0
E015,E,en,translation of set B (English),find files whose names start with rapor,find . -name 'rapor*',,names,1,0,B015,0
E016,E,en,translation of set B (English),find python files with test in their name,find . -name '*test*.py',,names,1,0,B016,0
E017,E,en,translation of set B (English),list the pdf files in the belgeler folder,ls belgeler/*.pdf,,names,0,0,B017,0
E018,E,en,translation of set B (English),list the files in the projeler folder in detail,ls -l projeler,,names,0,0,B018,0
E019,E,en,translation of set B (English),find all hidden files,find . -type f -name '.*',,names,1,0,B019,0
E020,E,en,translation of set B (English),find files with the bak extension,find . -name '*.bak',,names,1,0,B020,0
E021,E,en,translation of set B (English),list the names of the files in the loglar folder that contain ERROR,grep -l ERROR loglar/*,,names,0,0,B021,0
E022,E,en,translation of set B (English),find the rapor.txt file,find . -name rapor.txt,,names,1,0,B022,0
E023,E,en,translation of set B (English),list the files inside the arsiv.tar.gz archive,tar -tzf arsiv.tar.gz,,set,0,0,B023,0
E024,E,en,translation of set B (English),count the files and folders in this directory,ls | wc -l,,int,0,0,B024,0
E025,E,en,translation of set B (English),how many lines are in veri.csv,wc -l < veri.csv,,int,0,0,B025,0
E026,E,en,translation of set B (English),how many words does notlar.txt contain,wc -w < notlar.txt,,int,0,0,B026,0
E027,E,en,translation of set B (English),how many ERROR lines are in app.log,grep -c ERROR loglar/app.log,,int,0,1,B027,0
E028,E,en,translation of set B (English),how many c files are in the projeler folder,ls projeler/*.c | wc -l,,int,0,0,B028,0
E029,E,en,translation of set B (English),how many distinct names are in isimler.txt,sort -u isimler.txt | wc -l,,int,0,0,B029,0
E030,E,en,translation of set B (English),count the files in the resimler folder,ls resimler | wc -l,,int,0,0,B030,0
E031,E,en,translation of set B (English),how many txt files are there including subfolders,find . -name '*.txt' | wc -l,,int,0,0,B031,0
E032,E,en,translation of set B (English),how many records are in veri.csv excluding the header line,tail -n +2 veri.csv | wc -l,,int,0,0,B032,0
E033,E,en,translation of set B (English),show the size of notlar.txt in bytes,wc -c < notlar.txt,,int,0,0,B033,0
E034,E,en,translation of set B (English),calculate the sum of the numbers in sayilar.txt,awk '{s+=$1} END {print s}' sayilar.txt,,int,0,0,B034,0
E035,E,en,translation of set B (English),find the largest number in sayilar.txt,sort -n sayilar.txt | tail -n 1,,int,1,0,B035,0
E036,E,en,translation of set B (English),how many numbers in sayilar.txt are greater than 50,awk '$1 > 50' sayilar.txt | wc -l,,int,0,0,B036,0
E037,E,en,translation of set B (English),how many times does Ayse appear in isimler.txt,grep -c Ayse isimler.txt,,int,0,0,B037,0
E038,E,en,translation of set B (English),show the contents of notlar.txt,cat notlar.txt,,text,0,0,B038,0
E039,E,en,translation of set B (English),show the first 5 lines of veri.csv,head -n 5 veri.csv,,text,0,0,B039,0
E040,E,en,translation of set B (English),show the last 3 lines of app.log,tail -n 3 loglar/app.log,,text,0,1,B040,0
E041,E,en,translation of set B (English),show notlar.txt with line numbers,cat -n notlar.txt,,ws,0,0,B041,0
E042,E,en,translation of set B (English),show the README.md file in the projeler folder,cat projeler/README.md,,text,0,0,B042,0
E043,E,en,translation of set B (English),show the 3rd line of veri.csv,sed -n 3p veri.csv,,text,0,0,B043,0
E044,E,en,translation of set B (English),"show notlar.txt in reverse order, starting from the last line",tac notlar.txt,,text,0,0,B044,0
E045,E,en,translation of set B (English),show the first line of sistem.log,head -n 1 loglar/sistem.log,,text,0,1,B045,0
E046,E,en,translation of set B (English),show the arsiv.dat file in the belgeler/eski folder,cat belgeler/eski/arsiv.dat,,text,0,0,B046,0
E047,E,en,translation of set B (English),show the first 2 lines of hesap.h,head -n 2 projeler/hesap.h,,text,0,1,B047,0
E048,E,en,translation of set B (English),show the non-empty lines of app.log,grep -v '^$' loglar/app.log,,text,0,1,B048,0
E049,E,en,translation of set B (English),show the lines containing ERROR in app.log,grep ERROR loglar/app.log,,grep,0,1,B049,0
E050,E,en,translation of set B (English),"search sistem.log for the word hata, ignoring case",grep -i hata loglar/sistem.log,,grep,0,1,B050,0
E051,E,en,translation of set B (English),search for the word main in the files in the projeler folder,grep -r main projeler,,grep,0,0,B051,0
E052,E,en,translation of set B (English),show the lines of app.log that do not contain WARN,grep -v WARN loglar/app.log,,grep,0,1,B052,0
E053,E,en,translation of set B (English),find the lines containing Ankara in veri.csv,grep Ankara veri.csv,,grep,1,0,B053,0
E054,E,en,translation of set B (English),search for the word timeout in all files in the loglar folder,grep -r timeout loglar,,grep,0,0,B054,0
E055,E,en,translation of set B (English),show the include lines in hesap.c,grep include projeler/hesap.c,,grep,0,1,B055,0
E056,E,en,translation of set B (English),"show the lines of notlar.txt containing the word proje, with line numbers",grep -n proje notlar.txt,,ws,0,0,B056,0
E057,E,en,translation of set B (English),show the names in isimler.txt that start with the letter A,grep '^A' isimler.txt,,lines,0,0,B057,0
E058,E,en,translation of set B (English),show the people in veri.csv who live in İstanbul,grep Istanbul veri.csv,,grep,0,0,B058,0
E059,E,en,translation of set B (English),sort isimler.txt alphabetically,sort isimler.txt,,lines,1,0,B059,0
E060,E,en,translation of set B (English),sort isimler.txt and remove duplicate lines,sort -u isimler.txt,,lines,1,0,B060,0
E061,E,en,translation of set B (English),sort the numbers in sayilar.txt in ascending order,sort -n sayilar.txt,,lines,1,0,B061,0
E062,E,en,translation of set B (English),sort the numbers in sayilar.txt in descending order,sort -nr sayilar.txt,,lines,1,0,B062,0
E063,E,en,translation of set B (English),show only the first column of veri.csv,"cut -d , -f 1 veri.csv",,lines,0,0,B063,0
E064,E,en,translation of set B (English),list the cities in veri.csv without duplicates,"tail -n +2 veri.csv | cut -d , -f 2 | sort -u",,set,0,0,B064,0
E065,E,en,translation of set B (English),show the contents of notlar.txt in uppercase,tr a-z A-Z < notlar.txt,,text,0,0,B065,0
E066,E,en,translation of set B (English),count how many times each name appears in isimler.txt,sort isimler.txt | uniq -c,,ws_set,0,0,B066,0
E067,E,en,translation of set B (English),print veri.csv to the screen using semicolons instead of commas,"tr , ';' < veri.csv",,text,0,0,B067,0
E068,E,en,translation of set B (English),print app.log to the screen with INFO replaced by BILGI,sed 's/INFO/BILGI/g' loglar/app.log,,text,0,1,B068,0
E069,E,en,translation of set B (English),sort the records in veri.csv by age in ascending order,"tail -n +2 veri.csv | sort -t , -k 3 -n",,lines_nohdr,1,0,B069,0
E070,E,en,translation of set B (English),show the differences between notlar.txt and belgeler/notlar.txt,diff notlar.txt belgeler/notlar.txt,,diff,0,0,B070,0
E071,E,en,translation of set B (English),show the repeated names in isimler.txt,sort isimler.txt | uniq -d,,set,0,0,B071,0
E072,E,en,translation of set B (English),show the even numbers in sayilar.txt,awk '$1 % 2 == 0' sayilar.txt,,lines,0,0,B072,0
E073,E,en,translation of set B (English),show the people in veri.csv who are older than 30,"awk -F , 'NR > 1 && $3 > 30' veri.csv",,lines_nohdr,0,0,B073,0
E074,E,en,translation of set B (English),show only the first word of each line of app.log,awk '{print $1}' loglar/app.log,,lines_nonempty,0,1,B074,0
E075,E,en,translation of set B (English),show notlar.txt with spaces replaced by underscores,tr ' ' '_' < notlar.txt,,text,0,0,B075,0
E076,E,en,translation of set B (English),create a folder named yedek,mkdir yedek,,fs_only,0,0,B076,0
E077,E,en,translation of set B (English),create the folder structure arsiv/2024/ocak,mkdir -p arsiv/2024/ocak,,fs_only,0,0,B077,0
E078,E,en,translation of set B (English),create an empty file named yeni.txt,touch yeni.txt,,fs_only,0,0,B078,0
E079,E,en,translation of set B (English),copy notlar.txt as yedek_notlar.txt,cp notlar.txt yedek_notlar.txt,,fs_only,0,0,B079,0
E080,E,en,translation of set B (English),copy the belgeler folder under the name belgeler_yedek,cp -r belgeler belgeler_yedek,,fs_only,0,0,B080,0
E081,E,en,translation of set B (English),rename taslak.txt in the belgeler folder to son.txt,mv belgeler/taslak.txt belgeler/son.txt,,fs_only,0,0,B081,0
E082,E,en,translation of set B (English),move the png files in the resimler folder to the belgeler folder,mv resimler/*.png belgeler/,,fs_only,0,0,B082,0
E083,E,en,translation of set B (English),delete the files with the tmp extension in the gecici folder,rm gecici/*.tmp,,fs_only,0,0,B083,0
E084,E,en,translation of set B (English),delete the gecici folder together with its contents,rm -r gecici,,fs_only,0,0,B084,0
E085,E,en,translation of set B (English),delete the bos.txt file,rm bos.txt,,fs_only,0,0,B085,0
E086,E,en,translation of set B (English),write the text merhaba dünya to selam.txt,echo 'merhaba dünya' > selam.txt,,fs_only,0,0,B086,0
E087,E,en,translation of set B (English),append the line 'yeni not' to the end of notlar.txt,echo 'yeni not' >> notlar.txt,,fs_only,0,0,B087,0
E088,E,en,translation of set B (English),make betik.sh executable,chmod +x betik.sh,,fs_only,1,0,B088,0
E089,E,en,translation of set B (English),create a symbolic link named kisayol for notlar.txt,ln -s notlar.txt kisayol,,fs_only,0,0,B089,0
E090,E,en,translation of set B (English),archive the loglar folder as loglar.tar.gz,tar -czf loglar.tar.gz loglar,,fs_only,0,0,B090,0
E091,E,en,translation of set B (English),extract the arsiv.tar.gz archive into this directory,tar -xzf arsiv.tar.gz,,fs_only,0,0,B091,0
E092,E,en,translation of set B (English),go to the projeler folder,cd projeler,,pwd,0,0,B092,0
E093,E,en,translation of set B (English),go up one directory,cd ..,,pwd,0,0,B093,0
E094,E,en,translation of set B (English),go to the home directory,cd,,pwd,0,0,B094,0
E095,E,en,translation of set B (English),show the full path of the current directory,pwd,,text,0,0,B095,0
E096,E,en,translation of set B (English),show which user I am logged in as,whoami,,text,0,0,B096,0
E097,E,en,translation of set B (English),print the value of the HOME variable,echo $HOME,,text,0,0,B097,0
E098,E,en,translation of set B (English),show the permissions of notlar.txt,ls -l notlar.txt,,contains:-rw-r--r--,0,0,B098,0
E099,E,en,translation of set B (English),show the type of the hesap.c file,file projeler/hesap.c,,contains:C source,0,1,B099,0
E100,E,en,translation of set B (English),run the betik.py program in the projeler folder,python3 projeler/betik.py,,text,0,0,B100,0
